{"chunk_definitions":[{"chunk_id":"csetup_chunk","chunk_label":"setup","document_id":"44968F2D","expansion_state":0,"options":{"engine":"r","include":false,"label":"setup"},"row":9,"row_count":1,"visible":true},{"chunk_id":"c877oojtzvsg6","chunk_label":"cars","document_id":"44968F2D","expansion_state":0,"options":{"engine":"r","label":"cars"},"row":29,"row_count":1,"visible":true},{"chunk_id":"c6pe7yyry3dui","chunk_label":"pressure","document_id":"44968F2D","expansion_state":0,"options":{"echo":false,"engine":"r","label":"pressure"},"row":42,"row_count":1,"visible":true},{"chunk_id":"c5y5lck6w6ja6","chunk_label":"unnamed-chunk-3","document_id":"44968F2D","expansion_state":0,"options":{"engine":"r","label":"unnamed-chunk-52"},"row":84,"row_count":1,"visible":true}],"default_chunk_options":{"echo":true,"error":false},"doc_write_time":1538641739,"working_dir":null}